geoname_id,name,state,country,city,latitude,longitude,popularity_score,budget_min,budget_max,places,experiences,travel_styles,companions,transport_options,paces,best_months,short_description,description,source_references
1262453,Munnar,Kerala,India,Idukki,10.0889,77.0595,9.1,12000,35000,"Cultural,Historical,Mountains,Nature","Adventure,Culture,Photography,Relaxation,Wildlife","Balanced,Budget,Premium","Couple,Family,Friends,Solo","Bus,Car,Flexible","Balanced,Packed,Relaxed","10,11,12,1,2,3,4,5","Real geographic destination in Kerala featuring Eravikulam National Park, Mattupetty Dam, KDHP Tea Museum Munnar.","Munnar is a renowned destination located in Kerala, India. Categorized under Cultural, Historical, Mountains, Nature, offering travelers experiences such as Adventure, Culture, Photography, Relaxation, Wildlife. Notable attractions include: Eravikulam National Park, Mattupetty Dam, KDHP Tea Museum Munnar.",GeoNames:1262453; OpenTripMap:W30561214; OpenTripMap:W25481729; OpenTripMap:N42819034; OpenTripMap:N12384729
1263884,Manali,Himachal Pradesh,India,Kullu,32.2396,77.1887,9.1,12000,35000,"Cultural,Historical,Mountains,Nature","Adventure,Culture,Photography,Relaxation,Sports","Balanced,Budget,Premium","Couple,Family,Friends,Solo","Bus,Car,Flexible,Flight","Balanced,Packed,Relaxed","3,4,5,6,9,10,11","Real geographic destination in Himachal Pradesh featuring Solang Valley Adventure Grounds, Rohtang Pass, Hidimba Devi Temple.","Manali is a renowned destination located in Himachal Pradesh, India. Categorized under Cultural, Historical, Mountains, Nature, offering travelers experiences such as Adventure, Culture, Photography, Relaxation, Sports. Notable attractions include: Solang Valley Adventure Grounds, Rohtang Pass, Hidimba Devi Temple.",GeoNames:1263884; OpenTripMap:N39102831; OpenTripMap:W18293041; OpenTripMap:N92817234; OpenTripMap:N58291048
1269515,Jaipur,Rajasthan,India,Jaipur,26.9196,75.7878,9.1,18000,55000,"Cities,Cultural,Historical","Culture,Food,Nightlife,Photography,Shopping","Balanced,Luxury,Premium","Family,Friends","Bus,Car,Flexible,Flight,Train","Balanced,Packed","10,11,12,1,2,3","Real geographic destination in Rajasthan featuring Amber Fort and Palace, Hawa Mahal, City Palace Jaipur.","Jaipur is a renowned destination located in Rajasthan, India. Categorized under Cities, Cultural, Historical, offering travelers experiences such as Culture, Food, Nightlife, Photography, Shopping. Notable attractions include: Amber Fort and Palace, Hawa Mahal, City Palace Jaipur.",GeoNames:1269515; OpenTripMap:W24589102; OpenTripMap:N48102938; OpenTripMap:W39102948; OpenTripMap:W93847201
1269934,Hampi,Karnataka,India,Bellary,15.335,76.46,9.1,12000,35000,"Cultural,Historical,Mountains","Adventure,Culture,Photography","Balanced,Budget,Premium","Couple,Family,Friends,Solo","Bus,Car,Flexible,Train","Balanced,Packed","10,11,12,1,2,3","Real geographic destination in Karnataka featuring Virupaksha Temple, Vijaya Vittala Temple and Stone Chariot, Elephant Stables Hampi.","Hampi is a renowned destination located in Karnataka, India. Categorized under Cultural, Historical, Mountains, offering travelers experiences such as Adventure, Culture, Photography. Notable attractions include: Virupaksha Temple, Vijaya Vittala Temple and Stone Chariot, Elephant Stables Hampi.",GeoNames:1269934; OpenTripMap:N58291024; OpenTripMap:W49102938; OpenTripMap:N39102847; OpenTripMap:N29104829
1254360,Ooty,Tamil Nadu,India,Nilgiris,11.4102,76.695,9.1,12000,35000,"Historical,Mountains,Nature","Adventure,Culture,Photography,Relaxation","Balanced,Budget,Premium","Couple,Family,Friends,Solo","Bus,Car,Flexible,Train","Balanced,Packed,Relaxed","10,11,12,1,2,3,4,5","Real geographic destination in Tamil Nadu featuring Nilgiri Mountain Railway Ooty, Government Botanical Garden Ooty, Doddabetta Peak.","Ooty is a renowned destination located in Tamil Nadu, India. Categorized under Historical, Mountains, Nature, offering travelers experiences such as Adventure, Culture, Photography, Relaxation. Notable attractions include: Nilgiri Mountain Railway Ooty, Government Botanical Garden Ooty, Doddabetta Peak.",GeoNames:1254360; OpenTripMap:W10293847; OpenTripMap:W39102847; OpenTripMap:N49102938; OpenTripMap:N20193847
1272782,Darjeeling,West Bengal,India,Darjeeling,27.036,88.2627,9.1,12000,35000,"Cultural,Historical,Mountains","Adventure,Culture,Photography,Relaxation,Wildlife","Balanced,Budget,Premium","Couple,Family,Friends,Solo","Bus,Car,Flexible,Train","Balanced,Packed,Relaxed","3,4,5,6,9,10,11","Real geographic destination in West Bengal featuring Tiger Hill Sunrise Viewpoint, Batasia Loop and War Memorial, Himalayan Mountaineering Institute & Zoo.","Darjeeling is a renowned destination located in West Bengal, India. Categorized under Cultural, Historical, Mountains, offering travelers experiences such as Adventure, Culture, Photography, Relaxation, Wildlife. Notable attractions include: Tiger Hill Sunrise Viewpoint, Batasia Loop and War Memorial, Himalayan Mountaineering Institute & Zoo.",GeoNames:1272782; OpenTripMap:N38192039; OpenTripMap:W29104829; OpenTripMap:N19203847; OpenTripMap:N49102839
1258338,Rishikesh,Uttarakhand,India,Dehradun,30.1033,78.2948,9.1,12000,35000,"Cultural,Historical","Adventure,Culture,Photography,Sports","Balanced,Premium","Family,Friends","Bus,Car,Flexible,Train","Balanced,Packed","10,11,12,1,2,3","Real geographic destination in Uttarakhand featuring Lakshman Jhula Suspension Bridge, Triveni Ghat Evening Aarti, Beatles Ashram Chaurasi Kutia.","Rishikesh is a renowned destination located in Uttarakhand, India. Categorized under Cultural, Historical, offering travelers experiences such as Adventure, Culture, Photography, Sports. Notable attractions include: Lakshman Jhula Suspension Bridge, Triveni Ghat Evening Aarti, Beatles Ashram Chaurasi Kutia.",GeoNames:1258338; OpenTripMap:W10293848; OpenTripMap:N29104838; OpenTripMap:W49102839; OpenTripMap:N19203848
1253405,Varanasi,Uttar Pradesh,India,Varanasi,25.3176,82.9739,8.7,12000,35000,"Cities,Cultural,Historical","Culture,Food,Nightlife,Photography,Shopping","Balanced,Premium","Family,Friends","Bus,Car,Flexible,Flight,Train","Balanced,Packed","10,11,12,1,2,3","Real geographic destination in Uttar Pradesh featuring Kashi Vishwanath Jyotirlinga Temple, Dashashwamedh Ghat, Sarnath Buddhist Archaeological Complex.","Varanasi is a renowned destination located in Uttar Pradesh, India. Categorized under Cities, Cultural, Historical, offering travelers experiences such as Culture, Food, Nightlife, Photography, Shopping. Notable attractions include: Kashi Vishwanath Jyotirlinga Temple, Dashashwamedh Ghat, Sarnath Buddhist Archaeological Complex.",GeoNames:1253405; OpenTripMap:N39102848; OpenTripMap:N29104849; OpenTripMap:W19203849
1266207,Leh,Ladakh,India,Leh,34.1526,77.5771,8.7,12000,35000,"Cities,Cultural,Historical,Mountains","Adventure,Culture,Food,Photography,Relaxation,Shopping","Balanced,Budget,Premium","Couple,Family,Friends,Solo","Bus,Car,Flexible,Flight","Balanced,Packed,Relaxed","5,6,7,8,9","Real geographic destination in Ladakh featuring Leh Palace, Shanti Stupa Leh, Khardung La Pass.","Leh is a renowned destination located in Ladakh, India. Categorized under Cities, Cultural, Historical, Mountains, offering travelers experiences such as Adventure, Culture, Food, Photography, Relaxation, Shopping. Notable attractions include: Leh Palace, Shanti Stupa Leh, Khardung La Pass.",GeoNames:1266207; OpenTripMap:W39102850; OpenTripMap:N49102850; OpenTripMap:N29104850
1253997,Udaipur,Rajasthan,India,Udaipur,24.5854,73.7125,9.1,18000,55000,"Cultural,Historical,Islands,Nature","Culture,Photography,Relaxation","Balanced,Luxury,Premium","Couple,Family,Friends,Solo","Bus,Car,Flexible,Flight,Train","Balanced,Packed,Relaxed","10,11,12,1,2,3","Real geographic destination in Rajasthan featuring City Palace of Udaipur, Lake Pichola, Jag Mandir Island Palace.","Udaipur is a renowned destination located in Rajasthan, India. Categorized under Cultural, Historical, Islands, Nature, offering travelers experiences such as Culture, Photography, Relaxation. Notable attractions include: City Palace of Udaipur, Lake Pichola, Jag Mandir Island Palace.",GeoNames:1253997; OpenTripMap:W39102851; OpenTripMap:W10293851; OpenTripMap:W49102851; OpenTripMap:W29104851
1278916,Alappuzha,Kerala,India,Alappuzha,9.4981,76.3388,8.7,12000,35000,"Beaches,Historical,Nature","Culture,Photography,Relaxation","Balanced,Budget,Premium","Couple,Family,Friends,Solo","Bus,Car,Flexible,Train","Balanced,Relaxed","10,11,12,1,2,3","Real geographic destination in Kerala featuring Alappuzha Beach and Pier, Vembanad Lake Backwaters, Alappuzha Lighthouse.","Alappuzha is a renowned destination located in Kerala, India. Categorized under Beaches, Historical, Nature, offering travelers experiences such as Culture, Photography, Relaxation. Notable attractions include: Alappuzha Beach and Pier, Vembanad Lake Backwaters, Alappuzha Lighthouse.",GeoNames:1278916; OpenTripMap:N39102852; OpenTripMap:W10293852; OpenTripMap:N49102852
1270588,Gokarna,Karnataka,India,Uttara Kannada,14.5479,74.3188,9.1,12000,35000,"Beaches,Cultural,Historical","Adventure,Culture,Photography,Relaxation,Sports","Balanced,Budget,Premium","Couple,Family,Friends,Solo","Bus,Car,Flexible,Train","Balanced,Packed,Relaxed","10,11,12,1,2,3","Real geographic destination in Karnataka featuring Om Beach, Kudle Beach, Mahabaleshwar Temple Gokarna.","Gokarna is a renowned destination located in Karnataka, India. Categorized under Beaches, Cultural, Historical, offering travelers experiences such as Adventure, Culture, Photography, Relaxation, Sports. Notable attractions include: Om Beach, Kudle Beach, Mahabaleshwar Temple Gokarna.",GeoNames:1270588; OpenTripMap:N39102853; OpenTripMap:N49102853; OpenTripMap:N29104853; OpenTripMap:N19203853
1264359,Madikeri,Karnataka,India,Kodagu,12.4244,75.7382,8.7,12000,35000,"Cultural,Historical,Mountains,Nature","Adventure,Culture,Photography,Relaxation","Balanced,Budget,Premium","Couple,Family,Friends,Solo","Bus,Car,Flexible","Balanced,Relaxed","10,11,12,1,2,3,4,5","Real geographic destination in Karnataka featuring Madikeri Fort & Palace, Raja's Seat Viewpoint, Abbey Falls.","Madikeri is a renowned destination located in Karnataka, India. Categorized under Cultural, Historical, Mountains, Nature, offering travelers experiences such as Adventure, Culture, Photography, Relaxation. Notable attractions include: Madikeri Fort & Palace, Raja's Seat Viewpoint, Abbey Falls.",GeoNames:1264359; OpenTripMap:W39102856; OpenTripMap:N49102856; OpenTripMap:N29104856
1278710,Amritsar,Punjab,India,Amritsar,31.634,74.8723,8.7,12000,35000,"Cities,Cultural,Historical,Nature","Culture,Food,Nightlife,Photography,Relaxation,Shopping","Balanced,Premium","Couple,Family,Friends,Solo","Bus,Car,Flexible,Flight,Train","Balanced,Packed,Relaxed","10,11,12,1,2,3","Real geographic destination in Punjab featuring Harmandir Sahib (Golden Temple), Jallianwala Bagh Memorial, Attari-Wagah Border Crossing.","Amritsar is a renowned destination located in Punjab, India. Categorized under Cities, Cultural, Historical, Nature, offering travelers experiences such as Culture, Food, Nightlife, Photography, Relaxation, Shopping. Notable attractions include: Harmandir Sahib (Golden Temple), Jallianwala Bagh Memorial, Attari-Wagah Border Crossing.",GeoNames:1278710; OpenTripMap:W39102854; OpenTripMap:W10293854; OpenTripMap:N49102854
1259424,Puducherry,Puducherry,India,Puducherry,11.9416,79.8083,8.7,12000,35000,"Beaches,Cities,Cultural,Historical","Culture,Food,Photography,Relaxation,Shopping","Balanced,Budget,Premium","Couple,Family,Friends,Solo","Bus,Car,Flexible,Train","Balanced,Packed,Relaxed","10,11,12,1,2,3","Real geographic destination in Puducherry featuring Promenade Beachfront, Sri Aurobindo Ashram, Auroville Matrimandir.","Puducherry is a renowned destination located in Puducherry, India. Categorized under Beaches, Cities, Cultural, Historical, offering travelers experiences such as Culture, Food, Photography, Relaxation, Shopping. Notable attractions include: Promenade Beachfront, Sri Aurobindo Ashram, Auroville Matrimandir.",GeoNames:1259424; OpenTripMap:N39102857; OpenTripMap:W10293857; OpenTripMap:W49102857
1256338,Shimla,Himachal Pradesh,India,Shimla,31.1048,77.1734,8.7,12000,35000,"Cities,Cultural,Historical,Mountains,Nature","Adventure,Culture,Food,Photography,Relaxation,Shopping","Balanced,Budget,Premium","Couple,Family,Friends,Solo","Bus,Car,Flexible,Flight,Train","Balanced,Packed,Relaxed","3,4,5,6,9,10,11","Real geographic destination in Himachal Pradesh featuring The Ridge & Mall Road, Viceregal Lodge (Rashtrapati Niwas), Jakhoo Hill Hanuman Temple.","Shimla is a renowned destination located in Himachal Pradesh, India. Categorized under Cities, Cultural, Historical, Mountains, Nature, offering travelers experiences such as Adventure, Culture, Food, Photography, Relaxation, Shopping. Notable attractions include: The Ridge & Mall Road, Viceregal Lodge (Rashtrapati Niwas), Jakhoo Hill Hanuman Temple.",GeoNames:1256338; OpenTripMap:W39102858; OpenTripMap:W10293858; OpenTripMap:N49102858
1279259,Agra,Uttar Pradesh,India,Agra,27.1767,78.0081,8.7,18000,55000,"Cities,Historical,Nature","Culture,Food,Nightlife,Photography,Relaxation,Shopping","Balanced,Luxury,Premium","Couple,Family,Friends,Solo","Bus,Car,Flexible,Flight,Train","Balanced,Packed,Relaxed","10,11,12,1,2,3","Real geographic destination in Uttar Pradesh featuring Taj Mahal, Agra Fort (Lal Qila), Mehtab Bagh Moonlight Garden.","Agra is a renowned destination located in Uttar Pradesh, India. Categorized under Cities, Historical, Nature, offering travelers experiences such as Culture, Food, Nightlife, Photography, Relaxation, Shopping. Notable attractions include: Taj Mahal, Agra Fort (Lal Qila), Mehtab Bagh Moonlight Garden.",GeoNames:1279259; OpenTripMap:W39102855; OpenTripMap:W10293855; OpenTripMap:W49102855
1269507,Jaisalmer,Rajasthan,India,Jaisalmer,26.9157,70.9083,8.7,12000,35000,"Cultural,Historical","Adventure,Culture,Photography","Balanced,Premium","Family,Friends","Bus,Car,Flexible,Flight,Train",Balanced,"10,11,12,1,2,3","Real geographic destination in Rajasthan featuring Jaisalmer Fort (Sonar Qila), Patwon Ki Haveli, Sam Sand Dunes.","Jaisalmer is a renowned destination located in Rajasthan, India. Categorized under Cultural, Historical, offering travelers experiences such as Adventure, Culture, Photography. Notable attractions include: Jaisalmer Fort (Sonar Qila), Patwon Ki Haveli, Sam Sand Dunes.",GeoNames:1269507; OpenTripMap:W39102859; OpenTripMap:W10293859; OpenTripMap:N49102859
1273874,Kochi,Kerala,India,Ernakulam,9.9312,76.2673,8.7,12000,35000,"Cities,Cultural,Historical","Culture,Food,Photography,Shopping","Balanced,Premium","Family,Friends","Bus,Car,Flexible,Flight,Train","Balanced,Packed","10,11,12,1,2,3","Real geographic destination in Kerala featuring Fort Kochi Chinese Fishing Nets, Mattancherry Dutch Palace, Paradesi Jewish Synagogue.","Kochi is a renowned destination located in Kerala, India. Categorized under Cities, Cultural, Historical, offering travelers experiences such as Culture, Food, Photography, Shopping. Notable attractions include: Fort Kochi Chinese Fishing Nets, Mattancherry Dutch Palace, Paradesi Jewish Synagogue.",GeoNames:1273874; OpenTripMap:W39102860; OpenTripMap:W10293860; OpenTripMap:N49102860
1256523,Shillong,Meghalaya,India,East Khasi Hills,25.5788,91.8933,8.7,12000,35000,"Cities,Cultural,Mountains,Nature","Adventure,Culture,Food,Photography,Relaxation,Shopping","Balanced,Budget,Premium","Couple,Family,Friends,Solo","Bus,Car,Flexible,Flight","Balanced,Packed,Relaxed","3,4,5,6,9,10,11","Real geographic destination in Meghalaya featuring Elephant Falls, Shillong Peak, Don Bosco Museum of Indigenous Cultures.","Shillong is a renowned destination located in Meghalaya, India. Categorized under Cities, Cultural, Mountains, Nature, offering travelers experiences such as Adventure, Culture, Food, Photography, Relaxation, Shopping. Notable attractions include: Elephant Falls, Shillong Peak, Don Bosco Museum of Indigenous Cultures.",GeoNames:1256523; OpenTripMap:W39102861; OpenTripMap:N49102861; OpenTripMap:W10293861
1270830,Gangtok,Sikkim,India,East Sikkim,27.3389,88.6065,8.7,12000,35000,"Cities,Cultural,Historical,Mountains,Nature","Adventure,Culture,Food,Photography,Relaxation,Shopping","Balanced,Budget,Premium","Couple,Family,Friends,Solo","Bus,Car,Flexible,Flight","Balanced,Packed,Relaxed","3,4,5,6,9,10,11","Real geographic destination in Sikkim featuring Rumtek Monastery, Tsomgo (Changu) Lake, Nathula Pass Border.","Gangtok is a renowned destination located in Sikkim, India. Categorized under Cities, Cultural, Historical, Mountains, Nature, offering travelers experiences such as Adventure, Culture, Food, Photography, Relaxation, Shopping. Notable attractions include: Rumtek Monastery, Tsomgo (Changu) Lake, Nathula Pass Border.",GeoNames:1270830; OpenTripMap:W39102862; OpenTripMap:N49102862; OpenTripMap:W10293862
1263997,Mahabalipuram,Tamil Nadu,India,Chengalpattu,12.6269,80.1927,8.7,12000,35000,"Beaches,Cultural,Historical","Culture,Photography,Relaxation","Balanced,Budget,Premium","Couple,Family,Friends,Solo","Bus,Car,Flexible","Balanced,Relaxed","10,11,12,1,2,3","Real geographic destination in Tamil Nadu featuring Shore Temple, Pancha Rathas (Five Rathas), Descent of the Ganges (Arjuna's Penance).","Mahabalipuram is a renowned destination located in Tamil Nadu, India. Categorized under Beaches, Cultural, Historical, offering travelers experiences such as Culture, Photography, Relaxation. Notable attractions include: Shore Temple, Pancha Rathas (Five Rathas), Descent of the Ganges (Arjuna's Penance).",GeoNames:1263997; OpenTripMap:W39102863; OpenTripMap:W10293863; OpenTripMap:N49102863
1266938,Khajuraho,Madhya Pradesh,India,Chhatarpur,24.8515,79.9259,8.7,12000,35000,"Cultural,Historical,Nature","Culture,Photography,Relaxation","Balanced,Premium","Couple,Family,Friends,Solo","Bus,Car,Flexible,Flight,Train","Balanced,Relaxed","10,11,12,1,2,3","Real geographic destination in Madhya Pradesh featuring Kandariya Mahadeva Western Group Temples, Lakshmana Temple Khajuraho, Raneh Falls Canyon.","Khajuraho is a renowned destination located in Madhya Pradesh, India. Categorized under Cultural, Historical, Nature, offering travelers experiences such as Culture, Photography, Relaxation. Notable attractions include: Kandariya Mahadeva Western Group Temples, Lakshmana Temple Khajuraho, Raneh Falls Canyon.",GeoNames:1266938; OpenTripMap:W39102864; OpenTripMap:W10293864; OpenTripMap:N49102864
1267537,Kaziranga,Assam,India,Golaghat,26.6636,93.3541,8.3,12000,35000,"Cultural,Nature","Culture,Photography,Relaxation,Wildlife","Balanced,Premium","Couple,Family,Friends,Solo","Bus,Car,Flexible",Relaxed,"10,11,12,1,2,3,4,5","Real geographic destination in Assam featuring Kaziranga Rhino Sanctuary Central Range, Kaziranga National Orchid Park.","Kaziranga is a renowned destination located in Assam, India. Categorized under Cultural, Nature, offering travelers experiences such as Culture, Photography, Relaxation, Wildlife. Notable attractions include: Kaziranga Rhino Sanctuary Central Range, Kaziranga National Orchid Park.",GeoNames:1267537; OpenTripMap:W39102865; OpenTripMap:W10293865
1253272,Varkala,Kerala,India,Thiruvananthapuram,8.7379,76.7163,8.7,12000,35000,"Beaches,Cultural,Historical,Nature","Culture,Photography,Relaxation","Balanced,Budget,Premium","Couple,Family,Friends,Solo","Bus,Car,Flexible,Train","Balanced,Relaxed","10,11,12,1,2,3","Real geographic destination in Kerala featuring Varkala Cliff and Beach, Janardanaswamy 2000-year Temple, Kappil Beach & Backwater Estuary.","Varkala is a renowned destination located in Kerala, India. Categorized under Beaches, Cultural, Historical, Nature, offering travelers experiences such as Culture, Photography, Relaxation. Notable attractions include: Varkala Cliff and Beach, Janardanaswamy 2000-year Temple, Kappil Beach & Backwater Estuary.",GeoNames:1253272; OpenTripMap:N39102866; OpenTripMap:N49102866; OpenTripMap:N29104866
1266858,Kodaikanal,Tamil Nadu,India,Dindigul,10.2381,77.4892,8.7,12000,35000,"Mountains,Nature","Adventure,Photography,Relaxation,Sports","Balanced,Budget,Premium","Couple,Friends,Solo","Bus,Car,Flexible","Balanced,Relaxed","10,11,12,1,2,3,4,5","Real geographic destination in Tamil Nadu featuring Kodaikanal Star Lake, Coaker's Walk Valley Promenade, Pillar Rocks Viewpoint.","Kodaikanal is a renowned destination located in Tamil Nadu, India. Categorized under Mountains, Nature, offering travelers experiences such as Adventure, Photography, Relaxation, Sports. Notable attractions include: Kodaikanal Star Lake, Coaker's Walk Valley Promenade, Pillar Rocks Viewpoint.",GeoNames:1266858; OpenTripMap:W39102867; OpenTripMap:N49102867; OpenTripMap:N29104867
1267868,Wayanad,Kerala,India,Wayanad,11.605,76.0828,8.7,12000,35000,"Historical,Mountains,Nature","Adventure,Culture,Photography,Relaxation","Balanced,Budget,Premium","Couple,Family,Friends,Solo","Bus,Car,Flexible","Balanced,Relaxed","10,11,12,1,2,3,4,5","Real geographic destination in Kerala featuring Edakkal Caves Prehistoric Petroglyphs, Banasura Sagar Earth Dam, Chembra Peak Trek & Heart Lake.","Wayanad is a renowned destination located in Kerala, India. Categorized under Historical, Mountains, Nature, offering travelers experiences such as Adventure, Culture, Photography, Relaxation. Notable attractions include: Edakkal Caves Prehistoric Petroglyphs, Banasura Sagar Earth Dam, Chembra Peak Trek & Heart Lake.",GeoNames:1267868; OpenTripMap:W39102868; OpenTripMap:N49102868; OpenTripMap:N29104868
1257121,Ranthambore,Rajasthan,India,Sawai Madhopur,25.9964,76.3686,8.7,12000,35000,"Historical,Nature","Culture,Photography,Relaxation,Wildlife","Balanced,Premium","Couple,Family,Friends,Solo","Bus,Car,Flexible,Train","Balanced,Relaxed","10,11,12,1,2,3,4,5","Real geographic destination in Rajasthan featuring Ranthambore Fort, Ranthambore Tiger Reserve Zone 1-5, Padam Talao Lake & Jogi Mahal.","Ranthambore is a renowned destination located in Rajasthan, India. Categorized under Historical, Nature, offering travelers experiences such as Culture, Photography, Relaxation, Wildlife. Notable attractions include: Ranthambore Fort, Ranthambore Tiger Reserve Zone 1-5, Padam Talao Lake & Jogi Mahal.",GeoNames:1257121; OpenTripMap:W39102869; OpenTripMap:W10293869; OpenTripMap:N49102869
1260206,Panaji,Goa,India,North Goa,15.4909,73.8278,8.7,18000,55000,"Beaches,Cities,Cultural,Historical","Culture,Food,Nightlife,Photography,Relaxation,Shopping","Balanced,Budget,Luxury,Premium","Couple,Family,Friends,Solo","Bus,Car,Flexible,Flight,Train","Balanced,Packed,Relaxed","10,11,12,1,2,3","Real geographic destination in Goa featuring Our Lady of the Immaculate Conception Church, Fontainhas Latin Quarter, Miramar Beach Promenade.","Panaji is a renowned destination located in Goa, India. Categorized under Beaches, Cities, Cultural, Historical, offering travelers experiences such as Culture, Food, Nightlife, Photography, Relaxation, Shopping. Notable attractions include: Our Lady of the Immaculate Conception Church, Fontainhas Latin Quarter, Miramar Beach Promenade.",GeoNames:1260206; OpenTripMap:W39102870; OpenTripMap:W10293870; OpenTripMap:N49102870
1266518,Kumarakom,Kerala,India,Kottayam,9.6175,76.4301,8.3,18000,55000,Nature,"Photography,Relaxation,Wildlife","Balanced,Luxury,Premium","Couple,Family,Friends,Solo","Bus,Car,Flexible",Relaxed,"10,11,12,1,2,3","Real geographic destination in Kerala featuring Kumarakom Bird Sanctuary, Vembanad Lake Kumarakom Bay.","Kumarakom is a renowned destination located in Kerala, India. Categorized under Nature, offering travelers experiences such as Photography, Relaxation, Wildlife. Notable attractions include: Kumarakom Bird Sanctuary, Vembanad Lake Kumarakom Bay.",GeoNames:1266518; OpenTripMap:W39102871; OpenTripMap:W10293871
